effect_size,power
0.005,0.44
0.006,0.6175
0.007,0.69
0.008,0.755
0.009000000000000001,0.86
0.01,0.895
0.011,0.9625
0.012,0.9775
0.013000000000000001,0.985
0.014000000000000002,0.9925
0.015,0.9975
0.016,0.9975
0.017,1
0.018000000000000002,1
0.019,1
0.02,1
